{
  "project_info": {
    "project_number": "324976918301",
    "project_id": "login-register-2024",
    "storage_bucket": "login-register-2024.appspot.com"
  },
  "client": [
    {
      "client_info": {
        "mobilesdk_app_id": "1:324976918301:android:092d1bb1001def27d7ebf4",
        "android_client_info": {
          "package_name": "nutrivision2024.com"
        }
      },
      "oauth_client": [],
      "api_key": [
        {
          "current_key": "AIzaSyB0Wu4RjIZ0OK_LjWSrUjvNFsHT3uRimDY"
        }
      ],
      "services": {
        "appinvite_service": {
          "other_platform_oauth_client": []
        }
      }
    }
  ],
  "configuration_version": "1"
}